{
    "P0": [
        [
            -0.5877852495874971,
            -0.8090169963402276,
            1.1577396919951758e-16,
            -5.168747211971464e-34
        ],
        [
            0.8090169963402274,
            -0.5877852495874971,
            8.41147116680049e-17,
            1.1774100573825822e-34
        ],
        [
            9.971904376127121e-33,
            1.4310449560793835e-16,
            1.0,
            -0.0581859615892233
        ],
        [
            0.0,
            0.0,
            0.0,
            1.0
        ]
    ],
    "P1": [
        [
            1.6961132074710486e-09,
            0.8506508070698598,
            0.5257311141937451,
            -9.817739130898015e-19
        ],
        [
            -0.5257311118592453,
            0.44721359810769545,
            -0.7236067963271284,
            -2.5831995134317733e-18
        ],
        [
            -0.8506508085126597,
            -0.27639320197675826,
            0.4472135953633267,
            -0.05818596158922331
        ],
        [
            0.0,
            0.0,
            0.0,
            1.0
        ]
    ],
    "P2": [
        [
            -0.2628655534991513,
            -0.638196599987564,
            0.7236067996832933,
            5.3329094685997125e-18
        ],
        [
            0.8090169953757624,
            0.26286555806888184,
            0.5257311095743801,
            -4.559409639671069e-18
        ],
        [
            -0.5257311118592453,
            0.7236067980232417,
            0.44721359536332644,
            -0.0581859615892233
        ],
        [
            0.0,
            0.0,
            0.0,
            1.0
        ]
    ],
    "P3": [
        [
            0.8090169924786351,
            0.2628655575480562,
            0.5257311142930133,
            3.360279350095443e-19
        ],
        [
            0.587785254902523,
            -0.3618033984690813,
            -0.7236067958327916,
            -4.625027713825711e-19
        ],
        [
            4.053813980851999e-17,
            0.8944271907266532,
            -0.4472135960464835,
            -0.05818596158922331
        ],
        [
            0.0,
            0.0,
            0.0,
            1.0
        ]
    ],
    "P4": [
        [
            0.5000000002769593,
            0.6881909579910764,
            -0.5257311147938315,
            4.247953063223929e-18
        ],
        [
            -0.16245984642304367,
            0.670820395665158,
            0.7236067958911397,
            -2.321068183711794e-18
        ],
        [
            0.8506508085126597,
            -0.27639320197675815,
            0.4472135953633266,
            -0.058185961589223296
        ],
        [
            0.0,
            0.0,
            0.0,
            1.0
        ]
    ],
    "P5": [
        [
            -0.8090169936488059,
            0.2628655538761004,
            0.5257311143282837,
            1.1782309411892953e-18
        ],
        [
            -0.2628655588141771,
            0.6381966017145206,
            -0.7236067962293802,
            7.919355381394389e-18
        ],
        [
            -0.5257311118592454,
            -0.7236067980232417,
            -0.4472135953633266,
            -0.0581859615892233
        ],
        [
            0.0,
            0.0,
            0.0,
            1.0
        ]
    ],
    "P6": [
        [
            -0.5877852495874969,
            -0.36180340019603796,
            -0.7236067992867047,
            -6.379674783619807e-18
        ],
        [
            0.8090169963402274,
            -0.2628655551711043,
            -0.5257311095391094,
            -2.5340575488555073e-18
        ],
        [
            -0.0,
            -0.8944271907266532,
            0.4472135960464836,
            -0.05818596158922331
        ],
        [
            0.0,
            0.0,
            0.0,
            1.0
        ]
    ],
    "P7": [
        [
            1.7577998368819331e-09,
            0.8506508100079337,
            0.5257311094398412,
            2.826796412008487e-20
        ],
        [
            0.5257311118592454,
            0.4472135925191466,
            -0.7236067997810415,
            6.438907340090393e-19
        ],
        [
            -0.8506508085126596,
            0.2763932019767582,
            -0.44721359536332667,
            -0.0581859615892233
        ],
        [
            0.0,
            0.0,
            0.0,
            1.0
        ]
    ],
    "P8": [
        [
            -0.688190962037298,
            0.052786406843253704,
            0.7236067958655145,
            -4.597094904932118e-18
        ],
        [
            0.49999999779341975,
            -0.6881909597685296,
            0.5257311148291018,
            9.10806882851121e-18
        ],
        [
            0.5257311118592454,
            0.7236067980232417,
            0.4472135953633265,
            -0.0581859615892233
        ],
        [
            0.0,
            0.0,
            0.0,
            1.0
        ]
    ],
    "P9": [
        [
            -0.9510565172921038,
            0.3090169913066497,
            -4.4221720675220764e-17,
            -1.078327176511682e-34
        ],
        [
            0.30901699130664967,
            0.9510565172921039,
            -1.36100463201729e-16,
            -3.3187498352701724e-34
        ],
        [
            3.0296939042204134e-33,
            -1.4310449560793832e-16,
            -1.0,
            -0.0581859615892233
        ],
        [
            0.0,
            0.0,
            0.0,
            1.0
        ]
    ],
    "P10": [
        [
            0.4999999992096414,
            -0.6881909623981878,
            0.5257311100399277,
            3.6344469623950244e-18
        ],
        [
            -0.16245984970791055,
            -0.6708203911439267,
            -0.7236067993450535,
            -1.3346840902571444e-18
        ],
        [
            0.8506508085126597,
            0.2763932019767582,
            -0.4472135953633266,
            -0.058185961589223296
        ],
        [
            0.0,
            0.0,
            0.0,
            1.0
        ]
    ],
    "P11": [
        [
            -0.5000000023146507,
            -0.6881909601153222,
            0.5257311100751982,
            -7.027307189470484e-19
        ],
        [
            -0.6881909587524315,
            -0.052786402322022745,
            -0.7236067993194277,
            7.787750136539889e-18
        ],
        [
            0.5257311118592454,
            -0.7236067980232417,
            -0.44721359536332655,
            -0.0581859615892233
        ],
        [
            0.0,
            0.0,
            0.0,
            1.0
        ]
    ],
    "H0": [
        [
            -0.11026408576719134,
            0.9464199730312371,
            -0.30353099683142376,
            -1.3680260734899807e-18
        ],
        [
            -0.8090169949120921,
            -0.2628655516097599,
            -0.5257311135174563,
            -1.3631682811982356e-18
        ],
        [
            -0.5773502691896257,
            0.18759247432786041,
            0.7946544722344533,
            -0.056682099149599374
        ],
        [
            0.0,
            0.0,
            0.0,
            1.0
        ]
    ],
    "H1": [
        [
            -0.8090169949120921,
            0.5877852515531569,
            -4.964533878175052e-09,
            -7.675493540721804e-18
        ],
        [
            -0.1102640857671915,
            -0.1517655027151244,
            -0.9822469463304789,
            2.556464510481741e-18
        ],
        [
            -0.5773502691896257,
            -0.7946544722344535,
            0.18759247432786044,
            -0.05668209914959938
        ],
        [
            0.0,
            0.0,
            0.0,
            1.0
        ]
    ],