{
    "P0": [
        [
            -0.5877852495874971,
            -0.8090169963402276,
            1.1577396919951758e-16,
            -0.0
        ],
        [
            0.8090169963402274,
            -0.5877852495874971,
            8.41147116680049e-17,
            0.0
        ],
        [
            9.971904376127121e-33,
            1.4310449560793835e-16,
            1.0,
            -0.0581859615892233
        ],
        [
            0.0,
            0.0,
            0.0,
            1.0
        ]
    ],
    "P1": [
        [
            1.6961132460264029e-09,
            0.8506508070698598,
            0.5257311141937451,
            -4.07857951008643e-18
        ],
        [
            -0.5257311118592453,
            0.44721359810769545,
            -0.7236067963271284,
            -0.0
        ],
        [
            -0.8506508085126597,
            -0.27639320197675826,
            0.4472135953633267,
            -0.05818596158922331
        ],
        [
            0.0,
            0.0,
            0.0,
            1.0
        ]
    ],
    "P2": [
        [
            -0.26286555349915136,
            -0.6381965999875641,
            0.7236067996832934,
            2.5207007460997338e-18
        ],
        [
            0.8090169953757624,
            0.26286555806888184,
            0.5257311095743801,
            -3.469446959912994e-18
        ],
        [
            -0.5257311118592453,
            0.7236067980232417,
            0.4472135953633265,
            -0.0581859615892233
        ],
        [
            0.0,
            0.0,
            0.0,
            1.0
        ]
    ],
    "P3": [
        [
            0.8090169924786351,
            0.2628655575480562,
            0.5257311142930133,
            0.0
        ],
        [
            0.587785254902523,
            -0.3618033984690813,
            -0.7236067958327916,
            -0.0
        ],
        [
            4.9650683049776335e-17,
            0.8944271907266532,
            -0.4472135960464835,
            -0.05818596158922331
        ],
        [
            0.0,
            0.0,
            0.0,
            1.0
        ]
    ],
    "P4": [
        [
            0.5000000002769595,
            0.6881909579910767,
            -0.5257311147938316,
            -5.0414015349480966e-18
        ],
        [
            -0.16245984642304367,
            0.6708203956651579,
            0.7236067958911397,
            0.0
        ],
        [
            0.8506508085126597,
            -0.2763932019767582,
            0.4472135953633266,
            -0.05818596158922331
        ],
        [
            0.0,
            0.0,
            0.0,
            1.0
        ]
    ],
    "P5": [
        [
            -0.8090169936488057,
            0.26286555387610033,
            0.5257311143282837,
            1.7677714960774924e-18
        ],
        [
            -0.26286555881417717,
            0.6381966017145206,
            -0.7236067962293803,
            7.757919219004829e-18
        ],
        [
            -0.5257311118592453,
            -0.7236067980232417,
            -0.4472135953633265,
            -0.0581859615892233
        ],
        [
            0.0,
            0.0,
            0.0,
            1.0
        ]
    ],
    "P6": [
        [
            -0.587785249587497,
            -0.3618034001960381,
            -0.7236067992867048,
            -7.55002576792085e-18
        ],
        [
            0.8090169963402274,
            -0.2628655551711043,
            -0.5257311095391094,
            -2.80684155203127e-18
        ],
        [
            -0.0,
            -0.8944271907266532,
            0.4472135960464836,
            -0.05818596158922331
        ],
        [
            0.0,
            0.0,
            0.0,
            1.0
        ]
    ],
    "P7": [
        [
            1.7577998299556434e-09,
            0.8506508100079337,
            0.5257311094398412,
            0.0
        ],
        [
            0.5257311118592454,
            0.4472135925191466,
            -0.7236067997810415,
            -0.0
        ],
        [
            -0.8506508085126596,
            0.2763932019767582,
            -0.44721359536332667,
            -0.0581859615892233
        ],
        [
            0.0,
            0.0,
            0.0,
            1.0
        ]
    ],
    "P8": [
        [
            -0.688190962037298,
            0.05278640684325373,
            0.7236067958655148,
            -5.041401542588651e-18
        ],
        [
            0.49999999779341975,
            -0.6881909597685296,
            0.5257311148291018,
            6.938893883216103e-18
        ],
        [
            0.5257311118592454,
            0.7236067980232417,
            0.44721359536332644,
            -0.0581859615892233
        ],
        [
            0.0,
            0.0,
            0.0,
            1.0
        ]
    ],
    "P9": [
        [
            -0.9510565172921038,
            0.3090169913066497,
            -4.4221720675220764e-17,
            -0.0
        ],
        [
            0.30901699130664967,
            0.9510565172921039,
            -1.36100463201729e-16,
            0.0
        ],
        [
            -0.0,
            -1.4310449560793832e-16,
            -1.0,
            -0.0581859615892233
        ],
        [
            0.0,
            0.0,
            0.0,
            1.0
        ]
    ],
    "P10": [
        [
            0.4999999992096414,
            -0.6881909623981878,
            0.5257311100399277,
            1.3679971488136138e-18
        ],
        [
            -0.16245984970791055,
            -0.6708203911439267,
            -0.7236067993450535,
            -1.4034207767515945e-18
        ],
        [
            0.8506508085126597,
            0.2763932019767582,
            -0.4472135953633266,
            -0.058185961589223296
        ],
        [
            0.0,
            0.0,
            0.0,
            1.0
        ]
    ],
    "P11": [
        [
            -0.5000000023146507,
            -0.6881909601153221,
            0.5257311100751982,
            -6.967045263616481e-19
        ],
        [
            -0.6881909587524315,
            -0.052786402322022745,
            -0.7236067993194277,
            9.083130045282093e-18
        ],
        [
            0.5257311118592454,
            -0.7236067980232417,
            -0.44721359536332655,
            -0.0581859615892233
        ],
        [
            0.0,
            0.0,
            0.0,
            1.0
        ]
    ],
    "H0": [
        [
            -0.11026408576719132,
            0.9464199730312371,
            -0.30353099683142376,
            -1.8329320232124385e-18
        ],
        [
            -0.809016994912092,
            -0.2628655516097599,
            -0.5257311135174563,
            -0.0
        ],
        [
            -0.5773502691896257,
            0.18759247432786041,
            0.7946544722344533,
            -0.056682099149599374
        ],
        [
            0.0,
            0.0,
            0.0,
            1.0
        ]
    ],
    "H1": [
        [
            -0.8090169949120921,
            0.587785251553157,
            -4.964533889221849e-09,
            -0.0
        ],
        [
            -0.11026408576719152,
            -0.1517655027151244,
            -0.9822469463304789,
            -0.0
        ],
        [
            -0.5773502691896258,
            -0.7946544722344535,
            0.18759247432786047,
            -0.056682099149599395
        ],
        [
            0.0,
            0.0,
            0.0,
            1.0
        ]
    ],